reflection.BaseInterface,INTERFACE
reflection.BaseClass$BaseClassMemberEnum,ENUM
reflection.ConcreteClass$ConcreteClassPublicEnum,ENUM
reflection.ConcreteClass$ConcreteClassPublicInterface,INTERFACE
reflection.ConcreteClass$ConcreteClassDefaultEnum,ENUM
interfaces.Alarm,INTERFACE
org.apache.commons.collections4.bidimap.UnmodifiableSortedBidiMap,CONSTANT
org.apache.commons.collections4.bidimap.TreeBidiMap$DataElement,ENUM
org.apache.commons.collections4.bidimap.UnmodifiableBidiMap,CONSTANT
org.apache.commons.collections4.bidimap.UnmodifiableOrderedBidiMap,CONSTANT
org.apache.commons.collections4.IterableUtils$UnmodifiableIterable,CONSTANT
org.apache.commons.collections4.functors.NonePredicate,CONSTANT
org.apache.commons.collections4.functors.NOPClosure,CONSTANT
org.apache.commons.collections4.functors.TruePredicate,CONSTANT
org.apache.commons.collections4.functors.NotPredicate,CONSTANT
org.apache.commons.collections4.functors.AnyPredicate,CONSTANT
org.apache.commons.collections4.functors.InstanceofPredicate,CONSTANT
org.apache.commons.collections4.functors.OrPredicate,CONSTANT
org.apache.commons.collections4.functors.NotNullPredicate,CONSTANT
org.apache.commons.collections4.functors.UniquePredicate,CONSTANT
org.apache.commons.collections4.functors.ExceptionTransformer,CONSTANT
org.apache.commons.collections4.functors.NullIsFalsePredicate,CONSTANT
org.apache.commons.collections4.functors.TransformedPredicate,CONSTANT
org.apache.commons.collections4.functors.PredicateDecorator,INTERFACE
org.apache.commons.collections4.functors.ExceptionPredicate,CONSTANT
org.apache.commons.collections4.functors.AndPredicate,CONSTANT
org.apache.commons.collections4.functors.AllPredicate,CONSTANT
org.apache.commons.collections4.functors.ExceptionClosure,CONSTANT
org.apache.commons.collections4.functors.FalsePredicate,CONSTANT
org.apache.commons.collections4.functors.EqualPredicate,CONSTANT
org.apache.commons.collections4.functors.ExceptionFactory,CONSTANT
org.apache.commons.collections4.functors.StringValueTransformer,CONSTANT
org.apache.commons.collections4.functors.MapTransformer,CONSTANT
org.apache.commons.collections4.functors.TransformerPredicate,CONSTANT
org.apache.commons.collections4.functors.NullPredicate,CONSTANT
org.apache.commons.collections4.functors.ComparatorPredicate$Criterion,ENUM
org.apache.commons.collections4.functors.NullIsExceptionPredicate,CONSTANT
org.apache.commons.collections4.functors.IdentityPredicate,CONSTANT
org.apache.commons.collections4.functors.OnePredicate,CONSTANT
org.apache.commons.collections4.functors.NullIsTruePredicate,CONSTANT
org.apache.commons.collections4.OrderedIterator,INTERFACE
org.apache.commons.collections4.IterableMap,INTERFACE
org.apache.commons.collections4.MultiSet$Entry,INTERFACE
org.apache.commons.collections4.IterableGet,INTERFACE
org.apache.commons.collections4.SortedBidiMap,INTERFACE
org.apache.commons.collections4.bag.CollectionBag,CONSTANT
org.apache.commons.collections4.bag.CollectionSortedBag,CONSTANT
org.apache.commons.collections4.bag.UnmodifiableSortedBag,CONSTANT
org.apache.commons.collections4.bag.UnmodifiableBag,CONSTANT
org.apache.commons.collections4.ListUtils$CharSequenceAsList,CONSTANT
org.apache.commons.collections4.comparators.FixedOrderComparator$UnknownObjectBehavior,ENUM
org.apache.commons.collections4.comparators.BooleanComparator,CONSTANT
org.apache.commons.collections4.OrderedMap,INTERFACE
org.apache.commons.collections4.MultiMap,INTERFACE
org.apache.commons.collections4.OrderedBidiMap,INTERFACE
org.apache.commons.collections4.map.AbstractReferenceMap$ReferenceStrength,ENUM
org.apache.commons.collections4.map.UnmodifiableEntrySet,CONSTANT
org.apache.commons.collections4.map.CompositeMap$MapMutator,INTERFACE
org.apache.commons.collections4.map.UnmodifiableMap,CONSTANT
org.apache.commons.collections4.map.StaticBucketMap$Node,CONSTANT
org.apache.commons.collections4.map.PassiveExpiringMap$ExpirationPolicy,INTERFACE
org.apache.commons.collections4.map.StaticBucketMap$Lock,CONSTANT
org.apache.commons.collections4.map.UnmodifiableOrderedMap,CONSTANT
org.apache.commons.collections4.map.StaticBucketMap,CONSTANT
org.apache.commons.collections4.map.UnmodifiableSortedMap,CONSTANT
org.apache.commons.collections4.Predicate,INTERFACE
org.apache.commons.collections4.BoundedMap,INTERFACE
org.apache.commons.collections4.OrderedMapIterator,INTERFACE
org.apache.commons.collections4.Put,INTERFACE
org.apache.commons.collections4.Closure,INTERFACE
org.apache.commons.collections4.BidiMap,INTERFACE
org.apache.commons.collections4.collection.CompositeCollection$CollectionMutator,INTERFACE
org.apache.commons.collections4.collection.UnmodifiableCollection,CONSTANT
org.apache.commons.collections4.collection.UnmodifiableBoundedCollection,CONSTANT
org.apache.commons.collections4.ListValuedMap,INTERFACE
org.apache.commons.collections4.ResettableIterator,INTERFACE
org.apache.commons.collections4.SetValuedMap,INTERFACE
org.apache.commons.collections4.Trie,INTERFACE
org.apache.commons.collections4.iterators.UnmodifiableListIterator,CONSTANT
org.apache.commons.collections4.iterators.UnmodifiableMapIterator,CONSTANT
org.apache.commons.collections4.iterators.UnmodifiableIterator,CONSTANT
org.apache.commons.collections4.iterators.UnmodifiableOrderedMapIterator,CONSTANT
org.apache.commons.collections4.KeyValue,INTERFACE
org.apache.commons.collections4.MapIterator,INTERFACE
org.apache.commons.collections4.multimap.AbstractMultiValuedMap$KeysMultiSet$MapEntryTransformer,CONSTANT
org.apache.commons.collections4.multimap.UnmodifiableMultiValuedMap,CONSTANT
org.apache.commons.collections4.trie.AbstractPatriciaTrie$RangeEntrySet$EntryIterator,CONSTANT
org.apache.commons.collections4.trie.AbstractPatriciaTrie$PrefixRangeEntrySet$SingletonIterator,CONSTANT
org.apache.commons.collections4.trie.AbstractPatriciaTrie$PrefixRangeEntrySet$EntryIterator,CONSTANT
org.apache.commons.collections4.trie.AbstractPatriciaTrie$PrefixRangeEntrySet,CONSTANT
org.apache.commons.collections4.MultiSet,INTERFACE
org.apache.commons.collections4.set.CompositeSet$SetMutator,INTERFACE
org.apache.commons.collections4.set.MapBackedSet,CONSTANT
org.apache.commons.collections4.set.UnmodifiableSortedSet,CONSTANT
org.apache.commons.collections4.set.UnmodifiableNavigableSet,CONSTANT
org.apache.commons.collections4.IterableSortedMap,INTERFACE
org.apache.commons.collections4.BoundedCollection,INTERFACE
org.apache.commons.collections4.Factory,INTERFACE
org.apache.commons.collections4.sequence.ReplacementsHandler,INTERFACE
org.apache.commons.collections4.sequence.CommandVisitor,INTERFACE
org.apache.commons.collections4.MultiValuedMap,INTERFACE
org.apache.commons.collections4.list.UnmodifiableList,CONSTANT
org.apache.commons.collections4.SortedBag,INTERFACE
org.apache.commons.collections4.Get,INTERFACE
org.apache.commons.collections4.keyvalue.UnmodifiableMapEntry,CONSTANT
org.apache.commons.collections4.keyvalue.DefaultMapEntry,CONSTANT
org.apache.commons.collections4.Transformer,INTERFACE
org.apache.commons.collections4.queue.UnmodifiableQueue,CONSTANT
org.apache.commons.collections4.FunctorException,EXCEPTION
org.apache.commons.collections4.ResettableListIterator,INTERFACE
org.apache.commons.collections4.Equator,INTERFACE
org.apache.commons.collections4.ListUtils$LcsVisitor,CONSTANT
org.apache.commons.collections4.multiset.UnmodifiableMultiSet,CONSTANT
